gdsat, TIME_OUT, 3, alarm, 37, 65, 2418.63, 3.61354, 2415.02
gdsat, TIME_OUT, 5, anna-pp, 22, 148, 3685.6, 1.42273, 3684.17
gdsat, TIME_OUT, 2, barley, 48, 126, 2125.14, 1.68967, 2123.45
gdsat, SAT, 7, barley-pp-001, 16, 50, 128.635, 0.199309, 128.436
gdsat, TIME_OUT, 4, barley-pp, 26, 78, 2611.02, 1.75812, 2609.26
gdsat, TIME_OUT, 4, barley-wpp, 29, 83, 4107.39, 3.77733, 4103.62
gdsat, SAT, 4, bcs01.graph-001, 5, 10, 0.0116918, 0, 0.0116918
gdsat, SAT, 4, bcs01.graph-002, 5, 10, 0.0228639, 0, 0.0228639
gdsat, SAT, 4, bcs01.graph-004, 5, 10, 0.0102909, 0, 0.0102909
gdsat, SAT, 4, bcs01.graph-00hree, 5, 10, 0.0279939, 0, 0.0279939
gdsat, SAT, 3, bcs05.graph-001, 4, 6, 0.0104072, 0, 0.0104072
gdsat, SAT, 3, bcs05.graph-002, 4, 6, 0.0655401, 0, 0.0655401
gdsat, TIME_OUT, 3, BN_0-pp-minor-40, 40, 173, 2970.21, 5.91412, 2964.29
gdsat, TIME_OUT, 3, BN_0-pp-minor-41, 41, 176, 3323.76, 6.75767, 3317
gdsat, TIME_OUT, 2, BN_0-pp-minor-44, 44, 183, 2062.06, 1.02907, 2061.03
gdsat, TIME_OUT, 2, BN_0-pp-minor-45, 45, 187, 2023.45, 1.27707, 2022.17
gdsat, TIME_OUT, 2, BN_0-pp-minor-46, 46, 192, 2027.73, 1.34935, 2026.38
gdsat, TIME_OUT, 2, BN_0-pp-minor-47, 47, 196, 2021.07, 1.51762, 2019.55
gdsat, TIME_OUT, 2, BN_0-pp-minor-48, 48, 197, 2072.12, 1.79809, 2070.32
gdsat, TIME_OUT, 2, BN_0-pp-minor-49, 49, 202, 2039.33, 1.947, 2037.38
gdsat, TIME_OUT, 2, BN_100, 58, 273, 2092.97, 4.5586, 2088.42
gdsat, TIME_OUT, 2, BN_100-pp, 51, 252, 2100.61, 4.28482, 2096.32
gdsat, TIME_OUT, 2, BN_101, 58, 273, 2106.34, 4.76566, 2101.57
gdsat, TIME_OUT, 2, BN_101-pp, 51, 252, 2059.97, 3.28236, 2056.69
gdsat, TIME_OUT, 2, BN_104, 50, 731, 2110.94, 2.33451, 2108.6
gdsat, TIME_OUT, 2, BN_105, 50, 731, 2039.83, 2.14368, 2037.69
gdsat, TIME_OUT, 2, BN_106, 50, 760, 2039.88, 2.09894, 2037.78
gdsat, TIME_OUT, 2, BN_107, 50, 760, 2049.42, 2.15836, 2047.26
gdsat, TIME_OUT, 2, BN_108, 50, 740, 2041.56, 2.16225, 2039.4
gdsat, TIME_OUT, 2, BN_109, 50, 740, 2046.76, 2.098, 2044.67
gdsat, TIME_OUT, 3, BN_10-pp-minor-40, 40, 211, 2941.29, 6.12772, 2935.16
gdsat, TIME_OUT, 3, BN_10-pp-minor-41, 41, 214, 3345.64, 6.8649, 3338.77
gdsat, TIME_OUT, 2, BN_10-pp-minor-44, 44, 223, 2015.72, 1.11199, 2014.6
gdsat, TIME_OUT, 2, BN_10-pp-minor-45, 45, 227, 2047, 1.4422, 2045.56
gdsat, TIME_OUT, 2, BN_10-pp-minor-46, 46, 231, 2033.98, 1.4407, 2032.54
gdsat, TIME_OUT, 2, BN_10-pp-minor-47, 47, 235, 2023.03, 1.83538, 2021.2
gdsat, TIME_OUT, 2, BN_10-pp-minor-48, 48, 237, 2024.92, 1.79721, 2023.12
gdsat, TIME_OUT, 2, BN_10-pp-minor-49, 49, 241, 2063.83, 6.15936, 2057.67
gdsat, TIME_OUT, 2, BN_10-pp, 57, 257, 2089.66, 4.6139, 2085.05
gdsat, TIME_OUT, 2, BN_110, 50, 741, 2062.01, 2.13955, 2059.87
gdsat, TIME_OUT, 2, BN_111, 50, 741, 2061.55, 2.46134, 2059.09
gdsat, TIME_OUT, 2, BN_112, 50, 719, 2053.46, 2.62637, 2050.84
gdsat, TIME_OUT, 2, BN_114, 50, 731, 2059.72, 2.18132, 2057.53
gdsat, TIME_OUT, 2, BN_115, 50, 731, 2050.25, 2.99014, 2047.26
gdsat, TIME_OUT, 2, BN_116, 50, 742, 2052.22, 2.17369, 2050.05
gdsat, TIME_OUT, 2, BN_117, 50, 742, 2058.01, 2.24164, 2055.77
gdsat, TIME_OUT, 2, BN_118, 50, 735, 2042.54, 2.18808, 2040.36
gdsat, TIME_OUT, 2, BN_119, 50, 735, 2038.91, 2.17861, 2036.73
gdsat, TIME_OUT, 2, BN_11hree, 50, 719, 2054.13, 2.68537, 2051.44
gdsat, TIME_OUT, 2, BN_120, 50, 737, 2047.91, 2.19217, 2045.72
gdsat, TIME_OUT, 2, BN_121, 50, 737, 2050.21, 2.17606, 2048.03
gdsat, TIME_OUT, 2, BN_122, 50, 731, 2042.89, 2.14657, 2040.74
gdsat, TIME_OUT, 2, BN_124, 50, 740, 2045.04, 2.18362, 2042.86
gdsat, TIME_OUT, 2, BN_125, 50, 740, 2069.76, 2.23379, 2067.53
gdsat, TIME_OUT, 2, BN_12hree, 50, 731, 2050.95, 2.54803, 2048.4
gdsat, SAT, 3, BN_14-pp-minor-04, 4, 6, 0.00739408, 0, 0.00739408
gdsat, SAT, 4, BN_14-pp-minor-05, 5, 10, 0.165676, 0, 0.165676
gdsat, SAT, 5, BN_14-pp-minor-06, 6, 15, 0.217596, 0.000204086, 0.217392
gdsat, SAT, 6, BN_14-pp-minor-07, 7, 21, 0.0920517, 0.000876904, 0.0911748
gdsat, SAT, 7, BN_14-pp-minor-08, 8, 28, 0.196826, 0.00146484, 0.195361
gdsat, SAT, 8, BN_14-pp-minor-09, 9, 36, 0.636404, 0.00253844, 0.633866
gdsat, SAT, 9, BN_14-pp-minor-10, 10, 45, 1.88941, 0.00481486, 1.88459
gdsat, SAT, 10, BN_14-pp-minor-11, 11, 55, 6.0627, 0.00891995, 6.05378
gdsat, SAT, 10, BN_14-pp-minor-12, 12, 65, 10.2491, 0.0193849, 10.2297
gdsat, SAT, 12, BN_14-pp-minor-14, 14, 85, 105.037, 0.0689738, 104.968
gdsat, SAT, 12, BN_14-pp-minor-15, 15, 96, 158.789, 0.145669, 158.644
gdsat, SAT, 13, BN_14-pp-minor-16, 16, 107, 428.084, 0.313722, 427.77
gdsat, SAT, 14, BN_14-pp-minor-17, 17, 115, 2736.32, 0.659004, 2735.66
gdsat, TIME_OUT, 13, BN_14-pp-minor-18, 18, 125, 7480.82, 1.50782, 7479.31
gdsat, TIME_OUT, 7, BN_14-pp-minor-19, 19, 134, 4095.44, 1.10869, 4094.33
gdsat, SAT, 11, BN_14-pp-minor-1hree, 13, 75, 27.6907, 0.0334382, 27.6572
gdsat, TIME_OUT, 6, BN_14-pp-minor-20, 20, 142, 3335.64, 1.18044, 3334.45
gdsat, TIME_OUT, 5, BN_14-pp-minor-21, 21, 149, 2515.2, 0.958725, 2514.24
gdsat, TIME_OUT, 4, BN_14-pp-minor-22, 22, 157, 2129.75, 0.496186, 2129.26
gdsat, TIME_OUT, 4, BN_14-pp-minor-24, 24, 169, 2285.6, 0.908033, 2284.69
gdsat, TIME_OUT, 4, BN_14-pp-minor-25, 25, 176, 2384.11, 1.34639, 2382.76
gdsat, TIME_OUT, 4, BN_14-pp-minor-26, 26, 183, 2707.7, 1.75314, 2705.94
gdsat, TIME_OUT, 4, BN_14-pp-minor-27, 27, 190, 3166.32, 2.16852, 3164.15
gdsat, TIME_OUT, 4, BN_14-pp-minor-28, 28, 195, 3565.84, 2.73724, 3563.1
gdsat, TIME_OUT, 3, BN_14-pp-minor-29, 29, 202, 2056.32, 0.810681, 2055.51
gdsat, TIME_OUT, 5, BN_14-pp-minor-2hree, 23, 163, 4070.54, 1.86428, 4068.68
gdsat, TIME_OUT, 3, BN_14-pp-minor-40, 40, 256, 2958.11, 6.10853, 2952
gdsat, TIME_OUT, 3, BN_14-pp-minor-41, 41, 260, 3173.37, 6.68083, 3166.69
gdsat, TIME_OUT, 2, BN_14-pp-minor-44, 44, 267, 2015.76, 1.10458, 2014.66
gdsat, TIME_OUT, 2, BN_14-pp-minor-45, 45, 269, 2019.09, 1.591, 2017.49
gdsat, TIME_OUT, 2, BN_14-pp-minor-46, 46, 273, 2042.31, 1.58131, 2040.73
gdsat, TIME_OUT, 2, BN_14-pp-minor-47, 47, 276, 2046.79, 1.71144, 2045.08
gdsat, TIME_OUT, 2, BN_14-pp-minor-48, 48, 279, 2024.96, 1.7536, 2023.21
gdsat, TIME_OUT, 2, BN_14-pp-minor-49, 49, 283, 2060.94, 2.25261, 2058.69
gdsat, TIME_OUT, 2, BN_14-pp-minor-50, 50, 288, 2068.31, 2.34839, 2065.96
gdsat, TIME_OUT, 2, BN_14-pp-minor-51, 51, 293, 2052.22, 2.39259, 2049.83
gdsat, TIME_OUT, 2, BN_14-pp-minor-52, 52, 295, 2112.06, 3.39122, 2108.67
gdsat, TIME_OUT, 2, BN_14-pp-minor-54, 54, 304, 2082.48, 3.23389, 2079.24
gdsat, TIME_OUT, 2, BN_14-pp-minor-55, 55, 308, 2092.38, 4.24377, 2088.13
gdsat, TIME_OUT, 2, BN_14-pp-minor-56, 56, 310, 2096.62, 3.98392, 2092.64
gdsat, TIME_OUT, 2, BN_14-pp-minor-57, 57, 313, 2058.24, 4.10036, 2054.14
gdsat, TIME_OUT, 2, BN_14-pp-minor-58, 58, 317, 2079.76, 5.02405, 2074.74
gdsat, TIME_OUT, 2, BN_14-pp-minor-59, 59, 321, 2090.71, 5.14849, 2085.56
gdsat, TIME_OUT, 2, BN_14-pp-minor-5hree, 53, 298, 2127.55, 2.86564, 2124.68
gdsat, TIME_OUT, 2, BN_14-pp-minor-60, 60, 322, 2287.14, 5.83457, 2281.3
gdsat, TIME_OUT, 2, BN_14-pp-minor-61, 61, 325, 2106.17, 5.94131, 2100.22
gdsat, TIME_OUT, 2, BN_14-pp-minor-62, 62, 328, 2245.76, 6.27873, 2239.48
gdsat, TIME_OUT, 2, BN_14-pp-minor-6hree, 63, 332, 2224.21, 6.85141, 2217.36
gdsat, TIME_OUT, 3, BN_14-pp-minor-hree0, 30, 207, 2113.04, 0.981781, 2112.06
gdsat, TIME_OUT, 3, BN_14-pp-minor-hree1, 31, 209, 2109.95, 1.30616, 2108.65
gdsat, TIME_OUT, 3, BN_14-pp-minor-hree2, 32, 213, 2149.43, 1.73713, 2147.69
gdsat, TIME_OUT, 3, BN_14-pp-minor-hree4, 34, 226, 2277.06, 2.19929, 2274.86
gdsat, TIME_OUT, 3, BN_14-pp-minor-hree5, 35, 231, 2395.53, 2.59343, 2392.94
gdsat, TIME_OUT, 3, BN_14-pp-minor-hree6, 36, 234, 2491.94, 3.12013, 2488.82
gdsat, TIME_OUT, 3, BN_14-pp-minor-hree7, 37, 241, 2527.61, 3.57195, 2524.04
gdsat, TIME_OUT, 3, BN_14-pp-minor-hree8, 38, 245, 2942.27, 4.34665, 2937.92
gdsat, TIME_OUT, 3, BN_14-pp-minor-hree9, 39, 252, 2739.98, 4.80299, 2735.17
gdsat, TIME_OUT, 3, BN_14-pp-minor-hreehree, 33, 219, 2169.87, 1.81514, 2168.06
gdsat, SAT, 3, BN_15-pp-minor-04, 4, 6, 0.00761199, 0, 0.00761199
gdsat, SAT, 4, BN_15-pp-minor-05, 5, 10, 0.01263, 0, 0.01263
gdsat, SAT, 5, BN_15-pp-minor-06, 6, 15, 0.023422, 0.000100136, 0.0233219
gdsat, SAT, 6, BN_15-pp-minor-07, 7, 21, 0.0948277, 0.000960112, 0.0938675
gdsat, SAT, 7, BN_15-pp-minor-08, 8, 28, 0.176817, 0.00145841, 0.175359
gdsat, SAT, 8, BN_15-pp-minor-09, 9, 36, 0.637609, 0.0025537, 0.635055
gdsat, SAT, 9, BN_15-pp-minor-10, 10, 45, 1.89485, 0.00488901, 1.88996
gdsat, SAT, 10, BN_15-pp-minor-11, 11, 55, 5.98427, 0.00898886, 5.97528
gdsat, SAT, 11, BN_15-pp-minor-12, 12, 66, 14.8326, 0.0172467, 14.8153
gdsat, SAT, 13, BN_15-pp-minor-14, 14, 91, 113.999, 0.0705626, 113.928
gdsat, SAT, 14, BN_15-pp-minor-15, 15, 105, 257.184, 0.147695, 257.036
gdsat, SAT, 14, BN_15-pp-minor-16, 16, 119, 501.058, 0.311912, 500.746
gdsat, SAT, 15, BN_15-pp-minor-17, 17, 132, 1856.86, 0.65418, 1856.21
gdsat, SAT, 15, BN_15-pp-minor-18, 18, 145, 5211.15, 1.35438, 5209.79
gdsat, TIME_OUT, 7, BN_15-pp-minor-19, 19, 157, 4120.91, 1.14492, 4119.77
gdsat, SAT, 12, BN_15-pp-minor-1hree, 13, 78, 45.3569, 0.0381951, 45.3187
gdsat, TIME_OUT, 6, BN_15-pp-minor-20, 20, 170, 3657.29, 1.20598, 3656.08
gdsat, TIME_OUT, 5, BN_15-pp-minor-21, 21, 182, 2471.91, 0.958933, 2470.96
gdsat, TIME_OUT, 4, BN_15-pp-minor-22, 22, 192, 2127.48, 0.498565, 2126.98
gdsat, TIME_OUT, 4, BN_15-pp-minor-24, 24, 215, 2190.32, 0.881643, 2189.44
gdsat, TIME_OUT, 4, BN_15-pp-minor-25, 25, 226, 2422.6, 1.40378, 2421.2
gdsat, TIME_OUT, 4, BN_15-pp-minor-26, 26, 236, 2673.75, 1.74264, 2672.01
gdsat, TIME_OUT, 4, BN_15-pp-minor-27, 27, 242, 2993.42, 2.21431, 2991.21
gdsat, TIME_OUT, 4, BN_15-pp-minor-28, 28, 251, 3319.01, 2.75719, 3316.25
gdsat, TIME_OUT, 3, BN_15-pp-minor-29, 29, 261, 2055.65, 0.814945, 2054.83
gdsat, TIME_OUT, 5, BN_15-pp-minor-2hree, 23, 202, 3589.68, 1.90737, 3587.78
gdsat, TIME_OUT, 3, BN_15-pp-minor-40, 40, 342, 2753.13, 5.81049, 2747.32
gdsat, TIME_OUT, 3, BN_15-pp-minor-41, 41, 347, 3268.78, 6.61503, 3262.17
gdsat, TIME_OUT, 2, BN_15-pp-minor-44, 44, 362, 2037.21, 1.08657, 2036.12
gdsat, TIME_OUT, 2, BN_15-pp-minor-45, 45, 367, 2016.94, 1.25977, 2015.68
gdsat, TIME_OUT, 2, BN_15-pp-minor-46, 46, 374, 2027.22, 1.42314, 2025.79
gdsat, TIME_OUT, 2, BN_15-pp-minor-47, 47, 379, 2064.93, 1.63939, 2063.29
gdsat, TIME_OUT, 2, BN_15-pp-minor-48, 48, 383, 2027.29, 1.72927, 2025.56
gdsat, TIME_OUT, 2, BN_15-pp-minor-49, 49, 388, 2033.11, 2.32303, 2030.79
gdsat, TIME_OUT, 2, BN_15-pp-minor-50, 50, 390, 2044.27, 2.22333, 2042.04
gdsat, TIME_OUT, 2, BN_15-pp-minor-51, 51, 396, 2075.8, 2.52239, 2073.28
gdsat, TIME_OUT, 2, BN_15-pp-minor-52, 52, 401, 2044.27, 2.62198, 2041.64
gdsat, TIME_OUT, 2, BN_15-pp-minor-54, 54, 410, 2103.51, 4.1992, 2099.31
gdsat, TIME_OUT, 2, BN_15-pp-minor-55, 55, 415, 2064.19, 3.87751, 2060.31
gdsat, TIME_OUT, 2, BN_15-pp-minor-56, 56, 420, 2098.67, 7.49558, 2091.17
gdsat, TIME_OUT, 2, BN_15-pp-minor-57, 57, 422, 2096.56, 4.37767, 2092.18
gdsat, TIME_OUT, 2, BN_15-pp-minor-58, 58, 425, 2144.48, 6.30022, 2138.18
gdsat, TIME_OUT, 2, BN_15-pp-minor-59, 59, 428, 2110.53, 5.03069, 2105.49
gdsat, TIME_OUT, 2, BN_15-pp-minor-5hree, 53, 407, 2065.18, 3.42895, 2061.75
gdsat, TIME_OUT, 2, BN_15-pp-minor-60, 60, 431, 2103.4, 5.28523, 2098.11
gdsat, TIME_OUT, 2, BN_15-pp-minor-61, 61, 436, 2109.05, 5.90556, 2103.15
gdsat, TIME_OUT, 2, BN_15-pp-minor-62, 62, 441, 2207.87, 7.75297, 2200.12
gdsat, TIME_OUT, 2, BN_15-pp-minor-6hree, 63, 445, 2267.52, 7.62697, 2259.89
gdsat, TIME_OUT, 3, BN_15-pp-minor-hree0, 30, 273, 2137.11, 1.05371, 2136.06
gdsat, TIME_OUT, 3, BN_15-pp-minor-hree1, 31, 279, 2072.5, 1.21769, 2071.28
gdsat, TIME_OUT, 3, BN_15-pp-minor-hree2, 32, 288, 2096.58, 1.54273, 2095.04
gdsat, TIME_OUT, 3, BN_15-pp-minor-hree4, 34, 304, 2253.71, 2.21859, 2251.49
gdsat, TIME_OUT, 3, BN_15-pp-minor-hree5, 35, 309, 2406.8, 3.06588, 2403.73
gdsat, TIME_OUT, 3, BN_15-pp-minor-hree6, 36, 315, 2308.25, 3.02954, 2305.22
gdsat, TIME_OUT, 3, BN_15-pp-minor-hree7, 37, 323, 2427.57, 3.63406, 2423.93
gdsat, TIME_OUT, 3, BN_15-pp-minor-hree8, 38, 329, 2769.43, 4.13262, 2765.3
gdsat, TIME_OUT, 3, BN_15-pp-minor-hree9, 39, 336, 2878.14, 4.87462, 2873.26
gdsat, TIME_OUT, 3, BN_15-pp-minor-hreehree, 33, 298, 2130.48, 1.78948, 2128.69
gdsat, TIME_OUT, 3, BN_16-pp.dgf-015, 34, 156, 2166.45, 2.10741, 2164.34
gdsat, TIME_OUT, 4, BN_28, 24, 49, 2242.53, 0.903342, 2241.63
gdsat, TIME_OUT, 4, BN_29, 24, 49, 2228.13, 0.902277, 2227.23
gdsat, TIME_OUT, 2, BN_78, 54, 226, 2056.55, 3.15172, 2053.4
gdsat, TIME_OUT, 3, BN_78-pp, 33, 174, 2128.24, 1.79406, 2126.45
gdsat, TIME_OUT, 2, BN_79, 54, 226, 2068.64, 3.55515, 2065.08
gdsat, TIME_OUT, 3, BN_79-pp, 33, 174, 2144.61, 1.78854, 2142.82
gdsat, TIME_OUT, 4, BN_80-pp, 29, 287, 3977.43, 3.75511, 3973.67
gdsat, TIME_OUT, 4, BN_81-pp, 29, 287, 4026.52, 3.68731, 4022.84
gdsat, TIME_OUT, 4, BN_82-pp, 29, 287, 3795.75, 3.6309, 3792.12
gdsat, TIME_OUT, 4, BN_84-pp, 29, 287, 3802.57, 3.63122, 3798.94
gdsat, TIME_OUT, 4, BN_85-pp, 29, 287, 3924.92, 3.60554, 3921.32
gdsat, TIME_OUT, 3, BN_86-pp, 38, 394, 2853.19, 4.11522, 2849.07
gdsat, TIME_OUT, 3, BN_87-pp, 38, 394, 2817.32, 4.24281, 2813.08
gdsat, TIME_OUT, 3, BN_88-pp, 38, 394, 2896.62, 4.22248, 2892.4
gdsat, TIME_OUT, 3, BN_89-pp, 38, 394, 2840.12, 4.20902, 2835.91
gdsat, TIME_OUT, 3, BN_8hree-pp, 29, 287, 2049.41, 0.812351, 2048.59
gdsat, TIME_OUT, 3, BN_90-pp, 38, 394, 2739.44, 4.15717, 2735.28
gdsat, TIME_OUT, 3, BN_91-pp, 38, 394, 2911.89, 4.28949, 2907.61
gdsat, TIME_OUT, 3, BN_92-pp, 38, 394, 2932.49, 4.23294, 2928.26
gdsat, TIME_OUT, 2, BN_94, 53, 245, 2052.49, 2.8482, 2049.65
gdsat, TIME_OUT, 2, BN_94-pp, 44, 220, 2026.19, 1.14757, 2025.04
gdsat, TIME_OUT, 2, BN_95, 53, 245, 2068.69, 2.90815, 2065.78
gdsat, TIME_OUT, 2, BN_95-pp, 44, 220, 2043.11, 1.1091, 2042
gdsat, TIME_OUT, 2, BN_96, 54, 249, 2066.54, 3.27219, 2063.27
gdsat, TIME_OUT, 2, BN_96-pp, 48, 234, 2049.89, 1.75807, 2048.13
gdsat, TIME_OUT, 2, BN_97, 54, 249, 2069.58, 3.21403, 2066.37
gdsat, TIME_OUT, 2, BN_97-pp, 48, 234, 2032.56, 1.78483, 2030.78
gdsat, TIME_OUT, 2, BN_98, 57, 270, 2076.73, 4.18042, 2072.55
gdsat, TIME_OUT, 2, BN_98-pp, 47, 241, 2023.52, 1.61497, 2021.91
gdsat, TIME_OUT, 2, BN_99, 57, 270, 2086.32, 4.40294, 2081.92
gdsat, TIME_OUT, 2, BN_99-pp, 47, 241, 2030.04, 1.62435, 2028.42
gdsat, TIME_OUT, 3, BN_9hree-pp, 38, 394, 2797.26, 4.47806, 2792.78
gdsat, TIME_OUT, 5, Brinkmann, 21, 42, 2653.04, 0.995834, 2652.05
gdsat, SAT, 2, Bull, 5, 5, 0.00520587, 0, 0.00520587
gdsat, SAT, 2, Butterfly, 5, 6, 0.00505304, 0, 0.00505304
gdsat, SAT, 2, c4, 4, 4, 0.00486708, 0, 0.00486708
gdsat, SAT, 2, C5, 5, 5, 0.00513816, 0, 0.00513816
gdsat, SAT, 2, C5+, 5, 6, 0.00509906, 0, 0.00509906
gdsat, TIME_OUT, 2, celar01-pp-001, 47, 275, 2021.87, 1.56401, 2020.31
gdsat, TIME_OUT, 7, celar01-pp-002, 19, 112, 3884.98, 1.1018, 3883.87
gdsat, TIME_OUT, 2, celar01-pp-00hree, 58, 311, 2099.3, 4.44912, 2094.85
gdsat, TIME_OUT, 7, celar02-pp_1, 19, 115, 3786.93, 1.1133, 3785.81
gdsat, TIME_OUT, 7, celar02-pp, 19, 115, 3570.57, 1.31641, 3569.25
gdsat, TIME_OUT, 3, celar02-wpp_1, 30, 144, 2116.25, 0.980394, 2115.27
gdsat, TIME_OUT, 3, celar02-wpp, 30, 144, 2124.55, 0.992696, 2123.56
gdsat, SAT, 10, celar04-pp-001, 16, 93, 198.584, 0.293163, 198.291
gdsat, TIME_OUT, 2, celar04-pp-002, 62, 316, 2182.73, 6.52391, 2176.21
gdsat, TIME_OUT, 7, celar05-pp-001, 19, 113, 4066.5, 1.11034, 4065.39
gdsat, TIME_OUT, 2, celar05-pp-002, 47, 271, 2024.23, 1.62948, 2022.6
gdsat, SAT, 3, celar05-wpp.dgf-004, 4, 6, 0.00708008, 0, 0.00708008
gdsat, SAT, 3, celar05-wpp.dgf-005, 4, 6, 0.007236, 0, 0.007236
gdsat, SAT, 3, celar05-wpp.dgf-006, 4, 6, 0.00676107, 0, 0.00676107
gdsat, SAT, 3, celar05-wpp.dgf-007, 4, 6, 0.00652409, 0, 0.00652409
gdsat, SAT, 4, celar05-wpp.dgf-008, 5, 10, 0.0119946, 0, 0.0119946
gdsat, SAT, 4, celar05-wpp.dgf-009, 5, 10, 0.0936871, 0, 0.0936871
gdsat, SAT, 3, celar05-wpp.dgf-00hree, 4, 6, 0.00672507, 0, 0.00672507
gdsat, SAT, 4, celar05-wpp.dgf-010, 5, 10, 0.0118082, 0, 0.0118082
gdsat, SAT, 4, celar05-wpp.dgf-011, 5, 10, 0.0118325, 0, 0.0118325
gdsat, SAT, 4, celar05-wpp.dgf-012, 5, 10, 0.0121372, 0, 0.0121372
gdsat, SAT, 4, celar05-wpp.dgf-014, 5, 10, 0.0120161, 0, 0.0120161
gdsat, SAT, 5, celar05-wpp.dgf-015, 6, 15, 0.177762, 0.000307322, 0.177455
gdsat, SAT, 5, celar05-wpp.dgf-016, 6, 15, 0.0230091, 0.000101089, 0.022908
gdsat, SAT, 7, celar05-wpp.dgf-017, 8, 28, 0.165123, 0.0014348, 0.163688
gdsat, SAT, 8, celar05-wpp.dgf-018, 9, 36, 2.11229, 0.00264573, 2.10964
gdsat, TIME_OUT, 7, celar05-wpp.dgf-019, 19, 113, 3947.58, 1.11693, 3946.46
gdsat, SAT, 4, celar05-wpp.dgf-01hree, 5, 10, 0.0113819, 0, 0.0113819
gdsat, TIME_OUT, 2, celar05-wpp.dgf-020, 47, 271, 2099.53, 1.55675, 2097.97
gdsat, SAT, 11, celar06-pp_1, 16, 101, 224.557, 0.327434, 224.23
gdsat, SAT, 11, celar06-pp, 16, 101, 237.918, 0.447682, 237.47
gdsat, TIME_OUT, 3, celar06-wpp_1, 34, 156, 2264.44, 2.17576, 2262.27
gdsat, TIME_OUT, 3, celar06-wpp, 34, 156, 2242.93, 2.14854, 2240.78
gdsat, TIME_OUT, 2, celar07-pp-001, 45, 320, 2017.56, 1.30287, 2016.25
gdsat, SAT, 7, celar07-pp-002, 16, 54, 67.8385, 0.204362, 67.6342
gdsat, SAT, 4, celar07-pp.dgf-004, 5, 10, 0.0104697, 0, 0.0104697
gdsat, SAT, 4, celar07-pp.dgf-005, 5, 10, 0.011708, 0, 0.011708
gdsat, SAT, 5, celar07-pp.dgf-006, 6, 15, 0.0353556, 0, 0.0353556
gdsat, SAT, 5, celar07-pp.dgf-007, 6, 15, 0.023948, 0.000102043, 0.0238459
gdsat, SAT, 5, celar07-pp.dgf-008, 6, 15, 0.0243952, 0.000102043, 0.0242932
gdsat, SAT, 5, celar07-pp.dgf-009, 6, 15, 0.022692, 0.000131845, 0.0225601
gdsat, SAT, 3, celar07-pp.dgf-00hree, 4, 6, 0.006392, 0, 0.006392
gdsat, SAT, 5, celar07-pp.dgf-010, 6, 15, 0.0243199, 0.000102997, 0.0242169
gdsat, SAT, 5, celar07-pp.dgf-011, 6, 15, 0.265904, 0.000315189, 0.265589
gdsat, SAT, 4, celar07-pp.dgf-012, 7, 15, 0.0899529, 0.000574112, 0.0893788
gdsat, SAT, 11, celar07-pp.dgf-014, 12, 66, 14.7414, 0.0168743, 14.7246
gdsat, SAT, 11, celar07-pp.dgf-015, 12, 66, 14.9274, 0.0179141, 14.9095
gdsat, SAT, 7, celar07-pp.dgf-016, 16, 54, 68.8905, 0.199759, 68.6907
gdsat, TIME_OUT, 2, celar07-pp.dgf-017, 45, 320, 2017.54, 1.26744, 2016.27
gdsat, SAT, 6, celar07-pp.dgf-01hree, 7, 21, 0.0774248, 0.000823736, 0.076601
gdsat, SAT, 3, celar07pp-pp.dgf-001, 4, 6, 0.0293472, 0, 0.0293472
gdsat, SAT, 4, celar07pp-pp.dgf-002, 5, 10, 0.0643678, 0, 0.0643678
gdsat, SAT, 5, celar07pp-pp.dgf-004, 6, 15, 0.0220978, 0, 0.0220978
gdsat, SAT, 5, celar07pp-pp.dgf-005, 6, 15, 0.0243535, 0.000102043, 0.0242515
gdsat, SAT, 5, celar07pp-pp.dgf-006, 6, 15, 0.0249033, 0.000100851, 0.0248024
gdsat, SAT, 5, celar07pp-pp.dgf-007, 6, 15, 0.0222397, 0, 0.0222397
gdsat, SAT, 5, celar07pp-pp.dgf-008, 6, 15, 0.0244799, 0.000101089, 0.0243788
gdsat, SAT, 6, celar07pp-pp.dgf-009, 7, 21, 0.0618608, 0.000839949, 0.0610209
gdsat, SAT, 5, celar07pp-pp.dgf-00hree, 6, 15, 0.022886, 0, 0.022886
gdsat, SAT, 4, celar07pp-pp.dgf-010, 8, 16, 0.0467174, 0.000897408, 0.04582
gdsat, TIME_OUT, 2, celar07pp-pp.dgf-012, 45, 320, 2024.62, 1.55579, 2023.07
gdsat, TIME_OUT, 3, celar08-pp-001, 39, 283, 2850.85, 4.79178, 2846.05
gdsat, SAT, 8, celar08-pp-002, 16, 61, 105.057, 0.235353, 104.822
gdsat, SAT, 3, celar08pp-pp.dgf-001, 4, 6, 0.0414186, 0, 0.0414186
gdsat, SAT, 3, celar08pp-pp.dgf-002, 4, 6, 0.00733805, 0, 0.00733805
gdsat, SAT, 3, celar08pp-pp.dgf-004, 4, 6, 0.00700617, 0, 0.00700617
gdsat, SAT, 3, celar08pp-pp.dgf-005, 4, 6, 0.00629115, 0, 0.00629115
gdsat, SAT, 3, celar08pp-pp.dgf-006, 4, 6, 0.00647473, 0, 0.00647473
gdsat, SAT, 4, celar08pp-pp.dgf-007, 5, 10, 0.0114729, 0.000102043, 0.0113709
gdsat, SAT, 4, celar08pp-pp.dgf-008, 5, 10, 0.0110931, 0, 0.0110931
gdsat, SAT, 4, celar08pp-pp.dgf-009, 5, 10, 0.0111668, 0, 0.0111668
gdsat, SAT, 3, celar08pp-pp.dgf-00hree, 4, 6, 0.007339, 0, 0.007339
gdsat, SAT, 4, celar08pp-pp.dgf-010, 5, 10, 0.0120609, 0, 0.0120609
gdsat, SAT, 4, celar08pp-pp.dgf-011, 5, 10, 0.010911, 0, 0.010911
gdsat, SAT, 4, celar08pp-pp.dgf-012, 5, 10, 0.011586, 0, 0.011586
gdsat, SAT, 4, celar08pp-pp.dgf-014, 5, 10, 0.0113101, 0, 0.0113101
gdsat, SAT, 4, celar08pp-pp.dgf-015, 5, 10, 0.011482, 0, 0.011482
gdsat, SAT, 4, celar08pp-pp.dgf-016, 5, 10, 0.0121491, 0, 0.0121491
gdsat, SAT, 4, celar08pp-pp.dgf-017, 5, 10, 0.0132933, 0, 0.0132933
gdsat, SAT, 4, celar08pp-pp.dgf-018, 5, 10, 0.0296042, 0, 0.0296042
gdsat, SAT, 4, celar08pp-pp.dgf-019, 5, 10, 0.0123699, 0, 0.0123699
gdsat, SAT, 4, celar08pp-pp.dgf-01hree, 5, 10, 0.0125299, 0, 0.0125299
gdsat, SAT, 4, celar08pp-pp.dgf-020, 5, 10, 0.0115402, 0, 0.0115402
gdsat, SAT, 4, celar08pp-pp.dgf-021, 5, 10, 0.0154781, 0, 0.0154781
gdsat, SAT, 5, celar08pp-pp.dgf-022, 6, 15, 0.0497983, 0.000206232, 0.049592
gdsat, SAT, 6, celar08pp-pp.dgf-024, 7, 21, 0.0622709, 0.000828266, 0.0614426
gdsat, SAT, 6, celar08pp-pp.dgf-025, 8, 24, 0.116811, 0.00124311, 0.115568
gdsat, SAT, 7, celar08pp-pp.dgf-026, 8, 28, 0.168237, 0.00142097, 0.166816
gdsat, SAT, 8, celar08pp-pp.dgf-027, 9, 36, 0.64123, 0.002496, 0.638734
gdsat, SAT, 9, celar08pp-pp.dgf-028, 10, 45, 1.86805, 0.00463748, 1.86341
gdsat, SAT, 9, celar08pp-pp.dgf-029, 10, 45, 1.87967, 0.00474119, 1.87493
gdsat, SAT, 5, celar08pp-pp.dgf-02hree, 6, 15, 0.0233459, 0.000306129, 0.0230398
gdsat, SAT, 9, celar08pp-pp.dgf-0hree0, 10, 45, 1.9414, 0.00479198, 1.93661
gdsat, SAT, 9, celar08pp-pp.dgf-0hree1, 10, 45, 1.87115, 0.00471592, 1.86644
gdsat, SAT, 8, celar08pp-pp.dgf-0hree2, 16, 61, 131.377, 0.233865, 131.143
gdsat, TIME_OUT, 3, celar08pp-pp.dgf-0hreehree, 39, 283, 2732.44, 4.705, 2727.73
gdsat, SAT, 8, celar09-pp-001, 16, 61, 100.903, 0.23184, 100.671
gdsat, TIME_OUT, 3, celar0hree-pp-001, 38, 238, 2923.68, 4.13634, 2919.54
gdsat, SAT, 3, celar0hree-pp2.dgf-002, 4, 6, 0.00694489, 0, 0.00694489
gdsat, SAT, 3, celar0hree-pp2.dgf-004, 4, 6, 0.0069139, 0, 0.0069139
gdsat, SAT, 4, celar0hree-pp2.dgf-005, 5, 10, 0.023181, 0, 0.023181
gdsat, SAT, 4, celar0hree-pp2.dgf-006, 5, 10, 0.010977, 0, 0.010977
gdsat, SAT, 4, celar0hree-pp2.dgf-007, 5, 10, 0.0115016, 0, 0.0115016
gdsat, SAT, 4, celar0hree-pp2.dgf-008, 5, 10, 0.0112739, 0, 0.0112739
gdsat, SAT, 4, celar0hree-pp2.dgf-009, 5, 10, 0.011184, 0, 0.011184
gdsat, SAT, 3, celar0hree-pp2.dgf-00hree, 4, 6, 0.00745583, 0, 0.00745583
gdsat, SAT, 4, celar0hree-pp2.dgf-010, 5, 10, 0.035728, 0, 0.035728
gdsat, SAT, 4, celar0hree-pp2.dgf-011, 6, 12, 0.0164649, 0, 0.0164649
gdsat, SAT, 5, celar0hree-pp2.dgf-012, 6, 15, 0.0887921, 0.000102043, 0.08869
gdsat, SAT, 7, celar0hree-pp2.dgf-014, 8, 28, 0.272831, 0.00142097, 0.27141
gdsat, TIME_OUT, 3, celar0hree-pp2.dgf-015, 38, 238, 2887.02, 4.26676, 2882.75
gdsat, SAT, 6, celar0hree-pp2.dgf-01hree, 7, 21, 0.0606403, 0.000836849, 0.0598035
gdsat, SAT, 8, celar10-pp-001, 16, 61, 119.006, 0.353399, 118.653
gdsat, TIME_OUT, 7, celar11-pp-001, 19, 112, 3799.33, 1.11179, 3798.22
gdsat, SAT, 7, celar11-pp-002, 13, 46, 3.74408, 0.0274489, 3.71663
gdsat, SAT, 6, celar11-pp-004, 16, 43, 110.144, 0.140008, 110.004
gdsat, TIME_OUT, 2, celar11-pp-00hree, 48, 264, 2051.63, 1.75899, 2049.87
gdsat, SAT, 6, Chvatal, 12, 24, 25.1112, 0.0122948, 25.0989
gdsat, TIME_OUT, 7, Clebsch, 16, 40, 3029.5, 0.195352, 3029.3
gdsat, TIME_OUT, 3, csf, 32, 94, 2150.18, 1.51309, 2148.67
gdsat, TIME_OUT, 3, david-pp, 29, 191, 2048.97, 0.823452, 2048.14
gdsat, TIME_OUT, 4, Desargues, 20, 30, 2170.44, 0.257998, 2170.18
gdsat, SAT, 4, diabetes-pp-001, 6, 12, 0.017482, 0, 0.017482
gdsat, SAT, 4, diabetes-pp-002, 8, 17, 0.040983, 0.000883102, 0.0400999
gdsat, SAT, 2, Diamond, 4, 5, 0.00451732, 0, 0.00451732
gdsat, TIME_OUT, 4, Dodecahedron, 20, 30, 2208.46, 0.255538, 2208.2
gdsat, SAT, 4, Durer, 12, 18, 1.86584, 0.00726676, 1.85858
gdsat, TIME_OUT, 2, eil51.tsp, 51, 140, 2062.23, 2.4939, 2059.74
gdsat, SAT, 6, Errera, 17, 45, 346.025, 0.25455, 345.77
gdsat, TIME_OUT, 4, FlowerSnark, 20, 30, 2152.78, 0.255882, 2152.52
gdsat, TIME_OUT, 5, Folkman, 20, 40, 2741.78, 0.623412, 2741.16
gdsat, SAT, 4, fourx4-grid, 16, 24, 16.1338, 0.0513542, 16.0824
gdsat, SAT, 5, Franklin, 12, 18, 20.9163, 0.00976515, 20.9065
gdsat, SAT, 4, Frucht, 12, 18, 2.50469, 0.00698924, 2.4977
gdsat, SAT, 4, fungiuk, 15, 36, 3.09011, 0.0335519, 3.05656
gdsat, SAT, 3, games120-pp.dgf-002, 4, 6, 0.007231, 0, 0.007231
gdsat, SAT, 9, games120-pp.dgf-00hree, 14, 63, 28.6836, 0.065371, 28.6182
gdsat, SAT, 4, Goldner, 11, 27, 0.168164, 0.00421405, 0.16395
gdsat, SAT, 4, graph06pp-pp.dgf-001, 5, 10, 0.031239, 0, 0.031239
gdsat, SAT, 4, graph06pp-pp.dgf-002, 5, 10, 0.0136969, 0, 0.0136969
gdsat, SAT, 6, graph06pp-pp.dgf-004, 8, 23, 0.170866, 0.00121522, 0.169651
gdsat, SAT, 4, graph06pp-pp.dgf-00hree, 5, 10, 0.0279751, 0, 0.0279751
gdsat, TIME_OUT, 2, graph12pp_1, 61, 122, 2095.08, 5.76269, 2089.32
gdsat, TIME_OUT, 2, graph12pp, 61, 122, 2107.28, 5.7051, 2101.58
gdsat, SAT, 5, Grotzsch, 11, 20, 1.35645, 0.00550842, 1.35094
gdsat, SAT, 4, Herschel, 11, 18, 0.32222, 0.00403166, 0.318188
gdsat, TIME_OUT, 6, Hoffman, 16, 32, 2777.93, 0.154263, 2777.77
gdsat, TIME_OUT, 4, Holt, 27, 54, 2856.21, 2.11474, 2854.09
gdsat, TIME_OUT, 5, Kittell, 23, 63, 3888.18, 1.96833, 3886.21
gdsat, TIME_OUT, 2, kneser8-hree, 56, 280, 2058.49, 3.72428, 2054.76
gdsat, TIME_OUT, 2, knights8_8-pp, 60, 164, 2102, 5.29347, 2096.71
gdsat, SAT, 3, link-pp-minor-004, 4, 6, 0.020489, 0, 0.020489
gdsat, SAT, 4, link-pp-minor-005, 5, 10, 0.0117762, 0, 0.0117762
gdsat, SAT, 5, link-pp-minor-006, 6, 15, 0.0217686, 0, 0.0217686
gdsat, SAT, 6, link-pp-minor-007, 7, 21, 0.0615494, 0.000847101, 0.0607023
gdsat, SAT, 7, link-pp-minor-008, 8, 28, 0.169926, 0.00141859, 0.168507
gdsat, SAT, 8, link-pp-minor-009, 9, 36, 0.643224, 0.00256801, 0.640656
gdsat, SAT, 9, link-pp-minor-010, 10, 45, 1.90021, 0.00470901, 1.8955
gdsat, SAT, 10, link-pp-minor-011, 11, 55, 6.08732, 0.00908613, 6.07823
gdsat, SAT, 11, link-pp-minor-012, 12, 66, 15.0058, 0.0173924, 14.9884
gdsat, SAT, 11, link-pp-minor-014, 14, 86, 53.5951, 0.0679278, 53.5272
gdsat, SAT, 12, link-pp-minor-015, 15, 94, 129.084, 0.145718, 128.939
gdsat, SAT, 12, link-pp-minor-016, 16, 101, 316.376, 0.29214, 316.084
gdsat, SAT, 12, link-pp-minor-017, 17, 108, 1121.13, 0.803835, 1120.33
gdsat, SAT, 12, link-pp-minor-018, 18, 114, 5178.94, 1.33663, 5177.61
gdsat, TIME_OUT, 7, link-pp-minor-019, 19, 119, 3933.64, 1.12116, 3932.52
gdsat, SAT, 11, link-pp-minor-01hree, 13, 77, 23.9345, 0.033282, 23.9013
gdsat, TIME_OUT, 6, link-pp-minor-020, 20, 125, 3308.96, 1.12401, 3307.84
gdsat, TIME_OUT, 5, link-pp-minor-021, 21, 130, 2503.6, 0.959203, 2502.64
gdsat, TIME_OUT, 5, link-pp-minor-022, 22, 137, 3393.02, 1.39135, 3391.62
gdsat, TIME_OUT, 4, link-pp-minor-024, 24, 151, 2187.5, 0.892578, 2186.61
gdsat, TIME_OUT, 4, link-pp-minor-025, 25, 156, 2258.54, 1.36037, 2257.18
gdsat, TIME_OUT, 4, link-pp-minor-026, 26, 163, 2645.87, 1.71504, 2644.16
gdsat, TIME_OUT, 4, link-pp-minor-027, 27, 168, 2693.98, 2.09745, 2691.89
gdsat, TIME_OUT, 4, link-pp-minor-028, 28, 175, 3235.81, 2.75617, 3233.06
gdsat, TIME_OUT, 3, link-pp-minor-029, 29, 179, 2044.85, 0.811282, 2044.03
gdsat, TIME_OUT, 5, link-pp-minor-02hree, 23, 144, 3776.85, 1.88602, 3774.96
gdsat, TIME_OUT, 3, link-pp-minor-040, 40, 223, 2750.8, 5.862, 2744.93
gdsat, TIME_OUT, 3, link-pp-minor-041, 41, 227, 3060.31, 6.54193, 3053.77
gdsat, TIME_OUT, 2, link-pp-minor-045, 45, 239, 2020.59, 1.266, 2019.33
gdsat, TIME_OUT, 2, link-pp-minor-046, 46, 242, 2040.15, 1.36133, 2038.79
gdsat, TIME_OUT, 2, link-pp-minor-047, 47, 246, 2050.31, 1.57468, 2048.74
gdsat, TIME_OUT, 2, link-pp-minor-048, 48, 250, 2027.56, 1.7971, 2025.76
gdsat, TIME_OUT, 2, link-pp-minor-049, 49, 252, 2085.34, 1.9604, 2083.38
gdsat, TIME_OUT, 2, link-pp-minor-050, 50, 255, 2088.29, 2.10417, 2086.18
gdsat, TIME_OUT, 2, link-pp-minor-051, 51, 261, 2101.55, 2.42901, 2099.12
gdsat, TIME_OUT, 2, link-pp-minor-052, 52, 263, 2059.67, 2.57464, 2057.1
gdsat, TIME_OUT, 2, link-pp-minor-054, 54, 268, 2120.73, 3.35579, 2117.38
gdsat, TIME_OUT, 2, link-pp-minor-055, 55, 270, 2074.4, 3.41673, 2070.98
gdsat, TIME_OUT, 2, link-pp-minor-056, 56, 276, 2078.71, 3.69718, 2075.01
gdsat, TIME_OUT, 2, link-pp-minor-057, 57, 283, 2120.59, 4.40726, 2116.18
gdsat, TIME_OUT, 2, link-pp-minor-058, 58, 291, 2132.26, 4.55253, 2127.71
gdsat, TIME_OUT, 2, link-pp-minor-059, 59, 299, 2077.56, 4.80159, 2072.75
gdsat, TIME_OUT, 2, link-pp-minor-05hree, 53, 265, 2138.99, 3.56905, 2135.42
gdsat, TIME_OUT, 2, link-pp-minor-060, 60, 307, 2163.54, 5.31828, 2158.22
gdsat, TIME_OUT, 2, link-pp-minor-061, 61, 315, 2232.11, 5.97354, 2226.14
gdsat, TIME_OUT, 2, link-pp-minor-062, 62, 323, 2198, 6.53618, 2191.46
gdsat, TIME_OUT, 2, link-pp-minor-06hree, 63, 331, 2133.37, 7.73521, 2125.63
gdsat, TIME_OUT, 3, link-pp-minor-0hree0, 30, 185, 2195.03, 1.087, 2193.94
gdsat, TIME_OUT, 3, link-pp-minor-0hree1, 31, 192, 2074.29, 1.30558, 2072.98
gdsat, TIME_OUT, 3, link-pp-minor-0hree2, 32, 194, 2112.98, 2.31551, 2110.67
gdsat, TIME_OUT, 3, link-pp-minor-0hree4, 34, 202, 2238.71, 2.15697, 2236.55
gdsat, TIME_OUT, 3, link-pp-minor-0hree5, 35, 205, 2297.28, 2.46778, 2294.81
gdsat, TIME_OUT, 3, link-pp-minor-0hree6, 36, 208, 2369.29, 3.07345, 2366.21
gdsat, TIME_OUT, 3, link-pp-minor-0hree7, 37, 212, 2470.8, 3.57151, 2467.23
gdsat, TIME_OUT, 3, link-pp-minor-0hree8, 38, 216, 2923.17, 4.23034, 2918.94
gdsat, TIME_OUT, 3, link-pp-minor-0hree9, 39, 219, 2799.42, 4.82949, 2794.59
gdsat, TIME_OUT, 3, link-pp-minor-0hreehree, 33, 198, 2160.75, 1.78516, 2158.97
gdsat, TIME_OUT, 2, mainuk, 48, 198, 2042.46, 1.76957, 2040.69
gdsat, SAT, 6, mainuk-pp, 9, 28, 0.213194, 0.00206089, 0.211133
gdsat, TIME_OUT, 4, McGee, 24, 36, 2918.49, 0.887788, 2917.61
gdsat, SAT, 3, MCSTestGraph2, 9, 13, 0.0431278, 0.00103903, 0.0420887
gdsat, SAT, 3, MCSTestGraph, 7, 11, 0.0839367, 0.000420809, 0.0835159
gdsat, TIME_OUT, 3, mildew, 35, 80, 2302.72, 2.49216, 2300.23
gdsat, SAT, 4, mildew-wpp, 15, 31, 3.7505, 0.034503, 3.716
gdsat, SAT, 3, Moser, 7, 11, 0.0162759, 0.000423908, 0.015852
gdsat, TIME_OUT, 2, munin1-pp-001, 63, 180, 2220.91, 6.7496, 2214.16
gdsat, SAT, 4, munin2-pp-001, 6, 12, 0.0177732, 0, 0.0177732
gdsat, SAT, 4, munin2-pp-002, 6, 12, 0.017873, 0, 0.017873
gdsat, SAT, 5, munin2-pp-004, 16, 36, 34.4638, 0.0952001, 34.3686
gdsat, SAT, 5, munin2-pp-005, 16, 36, 34.6372, 0.0950692, 34.5421
gdsat, SAT, 5, munin2-pp-006, 16, 36, 34.6621, 0.0940492, 34.568
gdsat, SAT, 7, munin2-pp-007, 17, 47, 867.31, 0.358791, 866.952
gdsat, SAT, 7, munin2-pp-008, 17, 47, 887.402, 0.359461, 887.043
gdsat, SAT, 6, munin2-pp-009, 18, 47, 833.373, 0.445262, 832.928
gdsat, SAT, 5, munin2-pp-00hree, 16, 36, 36.3968, 0.0959461, 36.3009
gdsat, SAT, 7, munin2-pp-011, 17, 47, 917.237, 0.357078, 916.879
gdsat, SAT, 6, munin2-pp-012, 18, 47, 842.382, 0.43061, 841.952
gdsat, TIME_OUT, 5, munin4-pp-001, 23, 66, 3686.88, 3.43755, 3683.45
gdsat, TIME_OUT, 5, munin4-pp-002, 23, 66, 3471.02, 1.88629, 3469.13
gdsat, TIME_OUT, 3, munin4-pp-004, 38, 109, 2795.77, 4.19402, 2791.57
gdsat, TIME_OUT, 2, munin4-pp-005, 55, 156, 2088.51, 3.47999, 2085.03
gdsat, TIME_OUT, 2, munin4-pp-006, 55, 156, 2114.03, 3.47863, 2110.55
gdsat, TIME_OUT, 3, munin4-pp-00hree, 38, 109, 2701.19, 4.6163, 2696.57
gdsat, SAT, 5, muninhree-pp-001, 7, 17, 0.039048, 0.000696898, 0.0383511
gdsat, SAT, 5, muninhree-pp-002, 7, 17, 0.0680201, 0.000696898, 0.0673232
gdsat, SAT, 5, munin_kgo_complete-pp, 16, 41, 23.0022, 0.100001, 22.9022
gdsat, SAT, 5, munin-kgo-pp-001, 7, 17, 0.0514848, 0.00434518, 0.0471396
gdsat, SAT, 5, munin-kgo-pp-002, 7, 17, 0.0414419, 0.000704765, 0.0407372
gdsat, SAT, 2, myciel2, 5, 5, 0.00572395, 0, 0.00572395
gdsat, TIME_OUT, 4, myciel4, 23, 71, 2237.56, 0.687922, 2236.87
gdsat, TIME_OUT, 2, myciel5, 47, 236, 2054.69, 1.59506, 2053.1
gdsat, SAT, 5, mycielhree, 11, 20, 2.62839, 0.00578094, 2.62261
gdsat, TIME_OUT, 4, Nauru, 24, 36, 3188.53, 1.87394, 3186.65
gdsat, SAT, 11, oesoca+-hugin-pp, 14, 75, 89.0918, 0.0667052, 89.0251
gdsat, TIME_OUT, 4, oesoca+-hugin-wpp, 28, 135, 3359.56, 2.78045, 3356.77
gdsat, TIME_OUT, 3, oesoca, 39, 67, 2881.56, 4.79479, 2876.77
gdsat, SAT, 11, oesoca+-pp, 14, 75, 95.9317, 0.0701661, 95.8615
gdsat, SAT, 6, oneb0n_graph.dimacs-001, 7, 21, 0.061445, 0.000828028, 0.060617
gdsat, SAT, 7, oneb0n_graph.dimacs-002, 8, 28, 0.701063, 0.00154591, 0.699517
gdsat, SAT, 7, oneb0n_graph.dimacs-004, 8, 28, 0.166283, 0.00148082, 0.164802
gdsat, SAT, 7, oneb0n_graph.dimacs-005, 8, 28, 0.745461, 0.00158334, 0.743878
gdsat, SAT, 7, oneb0n_graph.dimacs-00hree, 8, 28, 0.844407, 0.00156665, 0.84284
gdsat, TIME_OUT, 2, onebbz_graph.dimacs, 57, 543, 2101.19, 5.01507, 2096.17
gdsat, TIME_OUT, 2, onebbz_graph-pp.dimacs, 56, 538, 2164.18, 4.23311, 2159.94
gdsat, TIME_OUT, 2, onebbz-pp, 56, 538, 2066.08, 3.84803, 2062.24
gdsat, TIME_OUT, 2, onebf4_graph.dimacs, 63, 658, 2179.22, 7.59896, 2171.62
gdsat, TIME_OUT, 2, onebf4_graph-pp.dimacs, 57, 627, 2080.3, 6.31277, 2073.99
gdsat, TIME_OUT, 2, onebrf_graph.dimacs, 49, 412, 2030.85, 2.19275, 2028.66
gdsat, TIME_OUT, 2, onebrf_graph-pp.dimacs, 48, 408, 2034.99, 2.93904, 2032.05
gdsat, TIME_OUT, 3, onebx7_graph.dimacs, 41, 195, 3236.84, 6.70688, 3230.13
gdsat, TIME_OUT, 3, onebx7_graph-pp.dimacs, 34, 172, 2200.68, 2.1757, 2198.5
gdsat, TIME_OUT, 2, onecka_graph.dimacs, 57, 605, 2097.17, 4.19718, 2092.97
gdsat, TIME_OUT, 2, onee0b_graph.dimacs, 60, 518, 2093.62, 5.20122, 2088.42
gdsat, TIME_OUT, 2, onee0b_graph-pp.dimacs, 55, 495, 2132.78, 3.79398, 2128.99
gdsat, SAT, 5, onefjl_graph-pp.dimacs-001, 6, 15, 0.023232, 0, 0.023232
gdsat, SAT, 7, onefjl_graph-pp.dimacs-002, 8, 28, 0.940227, 0.00154614, 0.938681
gdsat, TIME_OUT, 2, onefjl_graph-pp.dimacs-004, 57, 563, 2169.21, 6.77624, 2162.43
gdsat, SAT, 8, onefjl_graph-pp.dimacs-00hree, 11, 47, 5.6914, 0.008111, 5.68329
gdsat, TIME_OUT, 2, onefjl_graph-pp.dimacs, 63, 595, 2151.85, 6.83661, 2145.02
gdsat, TIME_OUT, 2, onefrhree_graph-pp.dimacs, 62, 599, 2176.58, 6.58551, 2170
gdsat, TIME_OUT, 2, oneg2b_graph.dimacs, 62, 649, 2279.01, 6.12526, 2272.88
gdsat, TIME_OUT, 2, oneg2b_graph-pp.dimacs, 59, 632, 2162.13, 6.02015, 2156.11
gdsat, TIME_OUT, 2, oneg6x_graph.dimacs, 52, 405, 2052.31, 2.73018, 2049.58
gdsat, TIME_OUT, 2, onegut_graph-pp.dimacs, 61, 597, 2136.38, 5.69668, 2130.69
gdsat, TIME_OUT, 2, onei07_graph.dimacs, 59, 397, 2084.19, 4.83441, 2079.36
gdsat, TIME_OUT, 2, onei07_graph-pp.dimacs, 51, 362, 2045, 2.91203, 2042.09
gdsat, TIME_OUT, 2, onei2t_graph.dimacs, 61, 644, 2124.84, 6.00602, 2118.84
gdsat, TIME_OUT, 2, oneigd_graph.dimacs, 61, 630, 2098.11, 6.66045, 2091.45
gdsat, TIME_OUT, 2, oneigd_graph-pp.dimacs, 59, 622, 2097.84, 4.82642, 2093.02
gdsat, TIME_OUT, 2, oneigq_graph.dimacs, 54, 503, 2105.15, 7.54566, 2097.6
gdsat, TIME_OUT, 2, oneigq_graph-pp.dimacs, 52, 493, 2070.07, 2.55707, 2067.52
gdsat, TIME_OUT, 2, onej75_graph.dimacs, 56, 558, 2112.86, 3.68369, 2109.18
gdsat, TIME_OUT, 2, onejo8_graph.dimacs, 58, 608, 2082.55, 4.64854, 2077.91
gdsat, TIME_OUT, 2, onek61_graph.dimacs, 60, 581, 2129.18, 5.29928, 2123.88
gdsat, TIME_OUT, 2, onek61_graph-pp.dimacs, 56, 564, 2074.85, 3.93678, 2070.91
gdsat, TIME_OUT, 2, onekq1_graph.dimacs, 60, 607, 2121.91, 5.85507, 2116.05
gdsat, TIME_OUT, 2, onekq1_graph-pp.dimacs, 59, 603, 2090.13, 4.87326, 2085.26
gdsat, TIME_OUT, 2, onekth_graph.dimacs, 52, 426, 2048.51, 2.58342, 2045.92
gdsat, TIME_OUT, 2, onekth_graph-pp.dimacs, 51, 421, 2095.53, 2.54033, 2092.99
gdsat, TIME_OUT, 2, onekuhree_graph.dimacs, 61, 585, 2106.54, 5.70507, 2100.84
gdsat, TIME_OUT, 2, onekuhree_graph-pp.dimacs, 60, 581, 2094.79, 5.19633, 2089.59
gdsat, TIME_OUT, 2, oneoai_graph.dimacs, 58, 524, 2169.34, 4.88636, 2164.46
gdsat, TIME_OUT, 2, oneoai_graph-pp.dimacs, 57, 518, 2106.08, 4.43655, 2101.64
gdsat, TIME_OUT, 2, onepwt_graph.dimacs, 61, 657, 2126.1, 7.04676, 2119.05
gdsat, TIME_OUT, 2, onepwt_graph-pp.dimacs, 59, 648, 2089.29, 5.74571, 2083.54
gdsat, TIME_OUT, 2, oner69_graph.dimacs, 63, 692, 2182.63, 7.24431, 2175.39
gdsat, TIME_OUT, 2, onerb9_graph.dimacs, 48, 412, 2029.74, 2.37154, 2027.37
gdsat, TIME_OUT, 2, onesem_graph.dimacs, 57, 570, 2073.77, 4.32319, 2069.45
gdsat, TIME_OUT, 2, onesem_graph-pp.dimacs, 56, 565, 2085.27, 4.14439, 2081.13
gdsat, TIME_OUT, 2, oneubq-pp, 47, 170, 2022.12, 1.58981, 2020.53
gdsat, TIME_OUT, 4, oow_bas, 27, 54, 2886.12, 2.20152, 2883.92
gdsat, SAT, 4, oow_bas-wpp, 17, 35, 17.731, 0.0865099, 17.6445
gdsat, TIME_OUT, 3, oow_solo, 40, 87, 2761.64, 5.84697, 2755.8
gdsat, SAT, 6, oow-solo-pp-001, 14, 34, 24.6859, 0.0429163, 24.643
gdsat, SAT, 6, oow-solo-pp-002, 16, 35, 203.703, 0.148781, 203.554
gdsat, TIME_OUT, 4, oow_solo-pp, 27, 63, 2819.33, 2.12248, 2817.21
gdsat, TIME_OUT, 4, oow_solo-wpp, 29, 66, 3727.42, 3.70721, 3723.72
gdsat, TIME_OUT, 3, oow-trad, 33, 72, 2133.65, 1.77952, 2131.87
gdsat, TIME_OUT, 5, oow-trad-pp-001, 21, 50, 2434.68, 0.931427, 2433.75
gdsat, TIME_OUT, 5, oow-trad-pp, 23, 54, 3575.91, 1.87202, 3574.03
gdsat, TIME_OUT, 4, oow-trad-wpp, 25, 57, 2333.89, 1.35563, 2332.53
gdsat, TIME_OUT, 9, Paley17, 17, 68, 4297.06, 0.538906, 4296.52
gdsat, SAT, 8, Paley1hree, 13, 39, 146.112, 0.0298159, 146.082
gdsat, TIME_OUT, 5, Pappus, 18, 27, 4002.59, 0.288486, 4002.3
gdsat, SAT, 5, petersen, 10, 15, 2.73447, 0.00309753, 2.73137
gdsat, SAT, 3, pignet2-pp-minor-0004, 4, 6, 0.013855, 0, 0.013855
gdsat, SAT, 4, pignet2-pp-minor-0005, 5, 10, 0.0128334, 0, 0.0128334
gdsat, SAT, 5, pignet2-pp-minor-0006, 6, 15, 0.0213358, 0, 0.0213358
gdsat, SAT, 6, pignet2-pp-minor-0007, 7, 21, 0.0793858, 0.000844717, 0.078541
gdsat, SAT, 7, pignet2-pp-minor-0008, 8, 28, 0.187674, 0.00154328, 0.186131
gdsat, SAT, 8, pignet2-pp-minor-0009, 9, 36, 0.634266, 0.00239539, 0.631871
gdsat, SAT, 9, pignet2-pp-minor-0010, 10, 45, 1.91573, 0.00490928, 1.91083
gdsat, SAT, 10, pignet2-pp-minor-0011, 11, 55, 5.95269, 0.00880527, 5.94388
gdsat, SAT, 11, pignet2-pp-minor-0012, 12, 66, 14.732, 0.0173533, 14.7146
gdsat, SAT, 13, pignet2-pp-minor-0014, 14, 91, 110.409, 0.0705528, 110.339
gdsat, SAT, 14, pignet2-pp-minor-0015, 15, 105, 252.482, 0.145069, 252.337
gdsat, SAT, 15, pignet2-pp-minor-0016, 16, 120, 559.244, 0.31763, 558.927
gdsat, SAT, 16, pignet2-pp-minor-0017, 17, 136, 1630.02, 0.645198, 1629.37
gdsat, SAT, 17, pignet2-pp-minor-0018, 18, 153, 6357.82, 1.38392, 6356.43
gdsat, TIME_OUT, 7, pignet2-pp-minor-0019, 19, 171, 3679.39, 1.10325, 3678.29
gdsat, SAT, 12, pignet2-pp-minor-001hree, 13, 78, 43.826, 0.0337334, 43.7922
gdsat, TIME_OUT, 6, pignet2-pp-minor-0020, 20, 190, 3353.5, 1.16377, 3352.34
gdsat, TIME_OUT, 5, pignet2-pp-minor-0021, 21, 210, 2436.73, 0.945081, 2435.79
gdsat, TIME_OUT, 5, pignet2-pp-minor-0022, 22, 231, 3209.84, 1.35152, 3208.49
gdsat, TIME_OUT, 4, pignet2-pp-minor-0024, 24, 276, 2144.12, 0.879397, 2143.24
gdsat, TIME_OUT, 4, pignet2-pp-minor-0025, 25, 300, 2280.99, 1.35773, 2279.63
gdsat, TIME_OUT, 4, pignet2-pp-minor-0026, 26, 325, 2563.26, 1.75638, 2561.5
gdsat, TIME_OUT, 4, pignet2-pp-minor-0027, 27, 351, 2753.38, 2.129, 2751.26
gdsat, TIME_OUT, 4, pignet2-pp-minor-0028, 28, 378, 3229.73, 2.82838, 3226.9
gdsat, TIME_OUT, 4, pignet2-pp-minor-0029, 29, 406, 3644.51, 3.62558, 3640.89
gdsat, TIME_OUT, 5, pignet2-pp-minor-002hree, 23, 253, 3490.21, 1.90144, 3488.3
gdsat, TIME_OUT, 3, pignet2-pp-minor-0040, 40, 766, 2839.67, 5.86751, 2833.8
gdsat, TIME_OUT, 3, pignet2-pp-minor-0041, 41, 800, 3171.12, 6.55582, 3164.56
gdsat, TIME_OUT, 2, pignet2-pp-minor-0044, 44, 896, 2017.45, 1.14232, 2016.31
gdsat, TIME_OUT, 2, pignet2-pp-minor-0045, 45, 927, 2037.36, 1.26836, 2036.09
gdsat, TIME_OUT, 2, pignet2-pp-minor-0046, 46, 958, 2052.54, 1.41983, 2051.12
gdsat, TIME_OUT, 2, pignet2-pp-minor-0047, 47, 987, 2029.75, 1.59742, 2028.15
gdsat, TIME_OUT, 2, pignet2-pp-minor-0048, 48, 1016, 2058.86, 2.06315, 2056.8
gdsat, TIME_OUT, 2, pignet2-pp-minor-0049, 49, 1047, 2055.6, 2.23608, 2053.36
gdsat, TIME_OUT, 2, pignet2-pp-minor-0050, 50, 1075, 2038.99, 2.14181, 2036.85
gdsat, TIME_OUT, 2, pignet2-pp-minor-0051, 51, 1102, 2044.34, 2.38501, 2041.96
gdsat, TIME_OUT, 2, pignet2-pp-minor-0052, 52, 1129, 2068.7, 2.64352, 2066.05
gdsat, TIME_OUT, 2, pignet2-pp-minor-0054, 54, 1179, 2068.97, 3.14966, 2065.82
gdsat, TIME_OUT, 2, pignet2-pp-minor-0055, 55, 1204, 2078.38, 3.50315, 2074.87
gdsat, TIME_OUT, 2, pignet2-pp-minor-0056, 56, 1230, 2077.31, 4.13068, 2073.18
gdsat, TIME_OUT, 2, pignet2-pp-minor-0057, 57, 1252, 2071.26, 4.1613, 2067.1
gdsat, TIME_OUT, 2, pignet2-pp-minor-0058, 58, 1274, 2162.44, 4.4483, 2158
gdsat, TIME_OUT, 2, pignet2-pp-minor-0059, 59, 1295, 2111.41, 5.59498, 2105.82
gdsat, TIME_OUT, 2, pignet2-pp-minor-005hree, 53, 1155, 2049.92, 2.89565, 2047.02
gdsat, TIME_OUT, 2, pignet2-pp-minor-0060, 60, 1316, 2096.32, 5.28878, 2091.04
gdsat, TIME_OUT, 2, pignet2-pp-minor-0061, 61, 1338, 2121.57, 5.77181, 2115.8
gdsat, TIME_OUT, 2, pignet2-pp-minor-0062, 62, 1357, 2191.64, 6.6992, 2184.94
gdsat, TIME_OUT, 2, pignet2-pp-minor-006hree, 63, 1377, 2139.57, 6.85145, 2132.72
gdsat, TIME_OUT, 3, pignet2-pp-minor-00hree0, 30, 435, 2103.23, 0.97088, 2102.26
gdsat, TIME_OUT, 3, pignet2-pp-minor-00hree1, 31, 465, 2066.42, 1.20645, 2065.21
gdsat, TIME_OUT, 3, pignet2-pp-minor-00hree2, 32, 496, 2075.12, 1.52073, 2073.6
gdsat, TIME_OUT, 3, pignet2-pp-minor-00hree4, 34, 561, 2150.09, 2.12875, 2147.96
gdsat, TIME_OUT, 3, pignet2-pp-minor-00hree5, 35, 595, 2297.68, 2.53831, 2295.14
gdsat, TIME_OUT, 3, pignet2-pp-minor-00hree6, 36, 630, 2299.01, 3.06251, 2295.95
gdsat, TIME_OUT, 3, pignet2-pp-minor-00hree7, 37, 664, 2432.93, 3.59241, 2429.33
gdsat, TIME_OUT, 3, pignet2-pp-minor-00hree8, 38, 699, 2778.99, 4.20214, 2774.79
gdsat, TIME_OUT, 3, pignet2-pp-minor-00hree9, 39, 733, 2615.06, 4.64548, 2610.41
gdsat, TIME_OUT, 3, pignet2-pp-minor-00hreehree, 33, 528, 2124.83, 1.87043, 2122.96
gdsat, TIME_OUT, 2, pigs-pp-001, 47, 134, 2064.07, 1.5824, 2062.48
gdsat, TIME_OUT, 2, pigs-pp, 48, 137, 2023.82, 1.71408, 2022.11
gdsat, SAT, 4, Pmin, 9, 12, 0.224671, 0.00131607, 0.223355
gdsat, SAT, 6, Poussin, 15, 39, 54.4044, 0.086797, 54.3176
gdsat, SAT, 3, Prism, 6, 9, 0.0698349, 0, 0.0698349
gdsat, TIME_OUT, 4, queen5_5, 25, 160, 2275.06, 1.33685, 2273.72
gdsat, TIME_OUT, 3, queen6_6, 36, 290, 2295.16, 3.06009, 2292.1
gdsat, TIME_OUT, 2, queen7_7, 49, 476, 2023.77, 1.87779, 2021.9
gdsat, TIME_OUT, 5, Robertson, 19, 38, 2341.81, 0.385039, 2341.42
gdsat, TIME_OUT, 2, ship-ship, 50, 114, 2030.66, 2.15492, 2028.5
gdsat, SAT, 4, ship-ship-pp-001, 6, 12, 0.0151229, 0, 0.0151229
gdsat, TIME_OUT, 4, ship-ship-pp-002, 24, 65, 2144.63, 0.864045, 2143.76
gdsat, SAT, 4, ship-ship-pp-00hree, 6, 12, 0.101497, 0.000105143, 0.101392
gdsat, TIME_OUT, 3, ship-ship-pp, 30, 77, 2100.82, 0.947651, 2099.88
gdsat, TIME_OUT, 3, ship-ship-wpp, 38, 91, 2775.99, 4.36602, 2771.63
gdsat, TIME_OUT, 7, Shrikhande, 16, 48, 2367.11, 0.194199, 2366.91
gdsat, SAT, 5, Sousselier, 16, 27, 72.4201, 0.103068, 72.3171
gdsat, TIME_OUT, 2, te, 60, 164, 2106.53, 5.38354, 2101.15
gdsat, SAT, 3, threex3-grid, 9, 12, 0.0461388, 0.00102377, 0.045115
gdsat, SAT, 3, threexhree-grid, 9, 12, 0.0468247, 0.00123787, 0.0455868
gdsat, SAT, 5, Tietze, 12, 18, 12.7825, 0.0100386, 12.7724
gdsat, TIME_OUT, 3, vsd-hugin, 38, 62, 2862.95, 4.96434, 2857.99
gdsat, SAT, 4, Wagner, 8, 12, 0.16907, 0.00085187, 0.168218
gdsat, TIME_OUT, 3, water, 32, 123, 2108.92, 1.51066, 2107.41
gdsat, TIME_OUT, 5, water-pp-001, 21, 94, 2456.13, 0.995395, 2455.14
gdsat, TIME_OUT, 5, water-pp, 22, 96, 3697.94, 1.41776, 3696.52
gdsat, TIME_OUT, 5, water-wpp, 22, 96, 3871.46, 1.62089, 3869.84
gdsat, TIME_OUT, 2, Watsin, 50, 75, 2040.51, 2.17386, 2038.34
gdsat, SAT, 7, weeduk, 15, 49, 22.2092, 0.109187, 22.1
gdsat, SAT, 3, wilson-hugin, 21, 27, 34.9162, 0.113732, 34.8025
gdsat, TIME_OUT, 2, zeroin.i.1-pp, 54, 1267, 2076.5, 3.70542, 2072.79
gdsat, TIME_OUT, 2, zeroin.i.2-pp, 57, 1097, 2087.59, 4.20846, 2083.38
gdsat, TIME_OUT, 2, zeroin.i.hree-pp, 57, 1097, 2083.37, 4.15382, 2079.22
